ec2d08,::1,GET,http://localhost/alimentos2/web/app_pru.php/alimentos/,1400189296,
d1a95d,::1,GET,http://localhost/alimentos2/web/app_pru.php/alimentos/,1400189309,
7868aa,::1,GET,http://localhost/alimentos2/web/app_pru.php/alimentos/,1400189325,
3e8ac1,::1,GET,http://localhost/alimentos2/web/app_pru.php/alimentos/,1400189329,
dc0951,::1,GET,http://localhost/alimentos2/web/app_pru.php/alimentos/,1400189343,
5dc7c5,::1,GET,http://localhost/alimentos2/web/app_pru.php/alimentos/,1400189345,
cc22df,::1,GET,http://localhost/alimentos2/web/app_pru.php/alimentos/,1400189347,
e2f98f,::1,GET,http://localhost/alimentos2/web/app_pru.php/alimentos/,1400190016,
62ed19,::1,GET,http://localhost/alimentos2/web/app_pru.php/alimentos/,1400197838,81178a
81178a,::1,GET,http://localhost/alimentos2/web/app_pru.php/alimentos/,1400197838,
